compound,max_stock_mM,M9_concentration_mM,M9_salts_2x_volume_100_ml,M9_volume_20_ml,max_stock_M
Glucose,40.0,0.4,2.0,200.0,0.04
NH4Cl,2400.0,18.7,1.5583333333333333,155.83333333333334,2.4
MgSO4,20.0,2.0,20.0,2000.0,0.02
KH2PO4,500.0,22.04,8.816,881.5999999999999,0.5
Na2HPO4,500.0,42.26,16.904,1690.3999999999999,0.5
CaCl2,2.0,0.1,10.0,1000.0,0.002
NaCl,500.0,8.55,3.4200000000000004,342.0,0.5
