compound,max_stock_mM,cooper_concentration_mM,cooper_salts_2x_volume_100_ml,cooper_volume_20_ml,max_stock_M
Glucose,40.0,4.0,20.0,2000.0,0.04
NH4NO3,2400.0,50.0,4.166666666666667,416.6666666666667,2.4
MgSO4,20.0,0.8,8.0,800.0,0.02
KH2PO4,500.0,30.0,12.0,1200.0,0.5
Na2HPO4,500.0,40.0,16.0,1600.0,0.5
Na2EDTA,2.0,0.004,0.4,40.0,0.002
CaCl2,2.0,0.007,0.7000000000000001,70.0,0.002
FeSO4,2.0,0.004,0.4,40.0,0.002
MnSO4,2.0,0.001,0.1,10.0,0.002
